{"schemaVersion":"1.0","appDefinitionTemplate":{"id":"/providers/Microsoft.PowerApps/apps/","type":"Microsoft.PowerApps/apps","tags":{"primaryDeviceWidth":"1366","primaryDeviceHeight":"768","sienaVersion":"20200331T232454Z-3.20022.21.0","deviceCapabilities":"","supportsPortrait":"false","supportsLandscape":"true","primaryFormFactor":"Tablet","publisherVersion":"3.20022.21","minimumRequiredApiVersion":"2.2.0","hasComponent":"false","hasUnlockedComponent":"false"},"properties":{"appVersion":"2020-03-31T23:24:54Z","lifeCycleId":"Published","createdByClientVersion":{"major":3,"minor":20022,"build":21,"revision":0,"majorRevision":0,"minorRevision":0},"minClientVersion":{"major":3,"minor":20022,"build":21,"revision":0,"majorRevision":0,"minorRevision":0},"backgroundColor":"rgba(0, 176, 240, 1)","backgroundImageUri":"/3392653439408304568/N128a29b0-f508-4688-b41d-d9f69c7c9dec-logoSmallFile","displayName":"prueba load data","description":"","commitMessage":"","appUris":{"documentUri":{"value":"/3392653439408304568/N835d6d96-e5e5-45de-a142-758813e28599-document.msapp","readonlyValue":"/3392653439408304568/N835d6d96-e5e5-45de-a142-758813e28599-document.msapp"},"imageUris":[]},"createdTime":"0001-01-01T00:00:00Z","lastModifiedTime":"0001-01-01T00:00:00Z","sharedGroupsCount":0,"sharedUsersCount":0,"icons":{"smallIconUri":"/3392653439408304568/Nd172f2b7-5852-4793-906e-554b057c9455-small.png","mediumIconUri":"/3392653439408304568/Naa221fee-6f6e-45c1-ac3b-8afff54bc301-medium.png","largeIconUri":"/3392653439408304568/N22c91eea-b9df-4a48-aac5-2f53f45bc810-large.png","wideIconUri":"/3392653439408304568/N4a88673a-436f-4b04-b312-6b2f785e7efd-wide.png"},"connectionReferences":{"ba8da908-638b-4bb6-8eb6-d6a16add7ef2":{"id":"3d461e45-178b-45cf-bfb9-4a16c4a07871","displayName":"Twitter","iconUri":"https://connectoricons-prod.azureedge.net/twitter/icon_1.0.1308.1899.png","dataSources":["Twitter"],"dependencies":[],"dependents":[],"parameterHints":{},"isOnPremiseConnection":false,"bypassConsent":false,"dataSets":{},"apiTier":"Standard","isCustomApiConnection":false}},"databaseReferences":{},"almMode":"Environment","performanceOptimizationEnabled":false,"canConsumeAppPass":true},"isAppComponentLibrary":false,"appType":"ClassicCanvasApp","appComponents":[]}}